id,keywords,year,_source,_edition,_date,_link,_medium,_color,_related,_comment,_credit,imagenum
1,"contains letters or text,schematic or abstract representation,no color,woodcut in print,spherical magnet,in text body,related to part 1",1551-1600,"Basel, Universitätsbibliothek Basel, Km XI 13-7 (pp./ff. 1-16), here p./f. 4","printed edition of full treatise: Petrus Peregrinus. De Magnete, Seu Rota Perpetui Motus, Libellus. Edited by Achilles Pirmin Gasser. Augsburg: Philipp Ulhart d.Ä., 1558",1562,https://doi.org/10.3931/e-rara-74393,woodcut in print,No,part 1,,,2
2,"belongs to a set,naturalistic features,no color,woodcut in print,divided magnet,in text body,related to part 1",1551-1600,"Basel, Universitätsbibliothek Basel, Km XI 13-7 (pp./ff. 1-16), here p./f. 5","printed edition of full treatise: Petrus Peregrinus. De Magnete, Seu Rota Perpetui Motus, Libellus. Edited by Achilles Pirmin Gasser. Augsburg: Philipp Ulhart d.Ä., 1558",1562,https://doi.org/10.3931/e-rara-74393,woodcut in print,No,part 1,,,2
3,"belongs to a set,experiment,naturalistic features,no color,woodcut in print,water basin with magnet,in text body,related to part 1",1551-1600,"Basel, Universitätsbibliothek Basel, Km XI 13-7 (pp./ff. 1-16), here p./f. 5","printed edition of full treatise: Petrus Peregrinus. De Magnete, Seu Rota Perpetui Motus, Libellus. Edited by Achilles Pirmin Gasser. Augsburg: Philipp Ulhart d.Ä., 1558",1562,https://doi.org/10.3931/e-rara-74393,woodcut in print,No,part 1,,,2
4,"contains letters or text,belongs to a set,experiment,naturalistic features,schematic or abstract representation,no color,woodcut in print,divided magnet,in text body,related to part 1",1551-1600,"Basel, Universitätsbibliothek Basel, Km XI 13-7 (pp./ff. 1-16), here p./f. 7","printed edition of full treatise: Petrus Peregrinus. De Magnete, Seu Rota Perpetui Motus, Libellus. Edited by Achilles Pirmin Gasser. Augsburg: Philipp Ulhart d.Ä., 1558",1562,https://doi.org/10.3931/e-rara-74393,woodcut in print,No,part 1,,,2
5,"contains letters or text,belongs to a set,experiment,naturalistic features,schematic or abstract representation,no color,woodcut in print,divided magnet,in text body,related to part 1",1551-1600,"Basel, Universitätsbibliothek Basel, Km XI 13-7 (pp./ff. 1-16), here p./f. 7","printed edition of full treatise: Petrus Peregrinus. De Magnete, Seu Rota Perpetui Motus, Libellus. Edited by Achilles Pirmin Gasser. Augsburg: Philipp Ulhart d.Ä., 1558",1562,https://doi.org/10.3931/e-rara-74393,woodcut in print,No,part 1,,,2
6,"contains letters or text,belongs to a set,experiment,naturalistic features,schematic or abstract representation,no color,woodcut in print,divided magnet,in text body,related to part 1",1551-1600,"Basel, Universitätsbibliothek Basel, Km XI 13-7 (pp./ff. 1-16), here p./f. 7","printed edition of full treatise: Petrus Peregrinus. De Magnete, Seu Rota Perpetui Motus, Libellus. Edited by Achilles Pirmin Gasser. Augsburg: Philipp Ulhart d.Ä., 1558",1562,https://doi.org/10.3931/e-rara-74393,woodcut in print,No,part 1,,,2
7,"contains letters or text,belongs to a set,experiment,naturalistic features,schematic or abstract representation,no color,woodcut in print,divided magnet,in text body,related to part 1",1551-1600,"Basel, Universitätsbibliothek Basel, Km XI 13-7 (pp./ff. 1-16), here p./f. 8","printed edition of full treatise: Petrus Peregrinus. De Magnete, Seu Rota Perpetui Motus, Libellus. Edited by Achilles Pirmin Gasser. Augsburg: Philipp Ulhart d.Ä., 1558",1562,https://doi.org/10.3931/e-rara-74393,woodcut in print,No,part 1,,,2
8,"experiment,naturalistic features,no color,woodcut in print,magnetic clock,in text body,related to part 1",1551-1600,"Basel, Universitätsbibliothek Basel, Km XI 13-7 (pp./ff. 1-16), here p./f. 9","printed edition of full treatise: Petrus Peregrinus. De Magnete, Seu Rota Perpetui Motus, Libellus. Edited by Achilles Pirmin Gasser. Augsburg: Philipp Ulhart d.Ä., 1558",1562,https://doi.org/10.3931/e-rara-74393,woodcut in print,No,part 1,,,2
9,"experiment,naturalistic features,no color,woodcut in print,magnetic compass,in text body,related to part 2",1551-1600,"Basel, Universitätsbibliothek Basel, Km XI 13-7 (pp./ff. 1-16), here p./f. 11","printed edition of full treatise: Petrus Peregrinus. De Magnete, Seu Rota Perpetui Motus, Libellus. Edited by Achilles Pirmin Gasser. Augsburg: Philipp Ulhart d.Ä., 1558",1562,https://doi.org/10.3931/e-rara-74393,woodcut in print,No,part 2,,,2
10,"contains letters or text,naturalistic features,no color,woodcut in print,needle compass,in text body,related to part 2",1551-1600,"Basel, Universitätsbibliothek Basel, Km XI 13-7 (pp./ff. 1-16), here p./f. 12","printed edition of full treatise: Petrus Peregrinus. De Magnete, Seu Rota Perpetui Motus, Libellus. Edited by Achilles Pirmin Gasser. Augsburg: Philipp Ulhart d.Ä., 1558",1562,https://doi.org/10.3931/e-rara-74393,woodcut in print,No,part 2,,,2
11,"contains letters or text,experiment,naturalistic features,no color,woodcut in print,perpetuum mobile (part),in text body,related to part 2",1551-1600,"Basel, Universitätsbibliothek Basel, Km XI 13-7 (pp./ff. 1-16), here p./f. 13","printed edition of full treatise: Petrus Peregrinus. De Magnete, Seu Rota Perpetui Motus, Libellus. Edited by Achilles Pirmin Gasser. Augsburg: Philipp Ulhart d.Ä., 1558",1562,https://doi.org/10.3931/e-rara-74393,woodcut in print,No,part 2,preparation of the magnet for the perpetuum mobile,,2
12,"belongs to a set,naturalistic features,no color,woodcut in print,perpetuum mobile (part),in text body,related to part 2",1551-1600,"Basel, Universitätsbibliothek Basel, Km XI 13-7 (pp./ff. 1-16), here p./f. 14","printed edition of full treatise: Petrus Peregrinus. De Magnete, Seu Rota Perpetui Motus, Libellus. Edited by Achilles Pirmin Gasser. Augsburg: Philipp Ulhart d.Ä., 1558",1562,https://doi.org/10.3931/e-rara-74393,woodcut in print,No,part 2,part of the outer construction of the perpetuum mobile,,2
13,"contains letters or text,belongs to a set,naturalistic features,no color,woodcut in print,perpetuum mobile,in text body,related to part 2",1551-1600,"Basel, Universitätsbibliothek Basel, Km XI 13-7 (pp./ff. 1-16), here p./f. 15","printed edition of full treatise: Petrus Peregrinus. De Magnete, Seu Rota Perpetui Motus, Libellus. Edited by Achilles Pirmin Gasser. Augsburg: Philipp Ulhart d.Ä., 1558",1562,https://doi.org/10.3931/e-rara-74393,woodcut in print,No,part 2,,,2
14,"schematic or abstract representation,no color,pen drawing in manuscript,perpetuum mobile,in text body,related to part 2",1351-1400,"Birmingham (AL), University of Alabama, Reynolds-Finley Historical Library, 3D 14 (pp./ff. 26r-32v), here p./f. 32v","manuscript of full treatise: siglum 'Re' in Petrus Peregrinus, Opera, eds. Loris Sturlese, Ron B. Thomson (Pisa, 1995), 63–89",14th ct.,https://uab.contentdm.oclc.org/digital/collection/PHARM/id/889/rec/9,pen drawing in manuscript,No,part 2,,,2
15,"contains letters or text,schematic or abstract representation,no color,pen drawing in manuscript,needle compass,bottom of the page,related to part 2",1501-1550,"Brussels, Royal Library of Belgium, 2962-78 (pp./ff. 37r-39v), here p./f. 38v","manuscript of short version: siglum 'Bru' in Petrus Peregrinus, Opera, eds. Loris Sturlese, Ron B. Thomson (Pisa, 1995), 63–89",Early 16th ct.,,pen drawing in manuscript,No,part 2,"image follows line ""stilus argentus vel aeneus intersecans ferrum orthogonaliter""",,2
16,"contains letters or text,schematic or abstract representation,no color,pen drawing in manuscript,magnetic compass,in text body,related to part 2",1551-1600,"Cambridge, Gonville and Caius College, Ms. 174-95 (pp./ff. 409-441), here p./f. 428","manuscript of translation into English: siglum 'c' in Petrus Peregrinus, Opera, eds. Loris Sturlese, Ron B. Thomson (Pisa, 1995), 63–89",after 1558,,pen drawing in manuscript,No,part 2,"translation of Petrus Peregrinus. De Magnete, Seu Rota Perpetui Motus, Libellus. Edited by Achilles Pirmin Gasser. Augsburg: Philipp Ulhart d.Ä., 1558","By Permission of the Master and Fellows of Gonville and Caius College, Cambridge",2
17,"contains letters or text,schematic or abstract representation,no color,pen drawing in manuscript,needle compass,in text body,related to part 2",1551-1600,"Cambridge, Gonville and Caius College, Ms. 174-95 (pp./ff. 409-441), here p./f. 430","manuscript of translation into English: siglum 'c' in Petrus Peregrinus, Opera, eds. Loris Sturlese, Ron B. Thomson (Pisa, 1995), 63–89",after 1558,,pen drawing in manuscript,No,part 2,"translation of Petrus Peregrinus. De Magnete, Seu Rota Perpetui Motus, Libellus. Edited by Achilles Pirmin Gasser. Augsburg: Philipp Ulhart d.Ä., 1558","By Permission of the Master and Fellows of Gonville and Caius College, Cambridge",2
18,"contains letters or text,schematic or abstract representation,no color,pen drawing in manuscript,perpetuum mobile,seperate sheet,related to part 2",1551-1600,"Cambridge, Gonville and Caius College, Ms. 174-95 (pp./ff. 409-441), here p./f. 431","manuscript of translation into English: siglum 'c' in Petrus Peregrinus, Opera, eds. Loris Sturlese, Ron B. Thomson (Pisa, 1995), 63–89",after 1558,,pen drawing in manuscript,No,part 2,"translation of Petrus Peregrinus. De Magnete, Seu Rota Perpetui Motus, Libellus. Edited by Achilles Pirmin Gasser. Augsburg: Philipp Ulhart d.Ä., 1558","By Permission of the Master and Fellows of Gonville and Caius College, Cambridge",2
19,"contains letters or text,belongs to a set,naturalistic features,schematic or abstract representation,no color,pen drawing in manuscript,perpetuum mobile,seperate sheet,related to part 2",1551-1600,"Cambridge, Gonville and Caius College, Ms. 174-95 (pp./ff. 409-441), here p./f. 443","manuscript of translation into English: siglum 'c' in Petrus Peregrinus, Opera, eds. Loris Sturlese, Ron B. Thomson (Pisa, 1995), 63–89",after 1558,,pen drawing in manuscript,No,part 2,"Cardano's design of the perpetuum mobile
translation of Petrus Peregrinus. De Magnete, Seu Rota Perpetui Motus, Libellus. Edited by Achilles Pirmin Gasser. Augsburg: Philipp Ulhart d.Ä., 1558","By Permission of the Master and Fellows of Gonville and Caius College, Cambridge",2
20,"contains letters or text,belongs to a set,schematic or abstract representation,no color,pen drawing in manuscript,needle compass,in text body,related to part 2",1351-1400,"Erfurt, Universitätsbibliothek, Q 387 (pp./ff. 61v-64v), here p./f. 64r","manuscript of full treatise: siglum 'E' in Petrus Peregrinus, Opera, eds. Loris Sturlese, Ron B. Thomson (Pisa, 1995), 63–89",14th ct.,,pen drawing in manuscript,No,part 2,,,2
21,"contains letters or text,belongs to a set,schematic or abstract representation,no color,pen drawing in manuscript,perpetuum mobile,in text body,related to part 2",1351-1400,"Erfurt, Universitätsbibliothek, Q 387 (pp./ff. 61v-64v), here p./f. 64r","manuscript of full treatise: siglum 'E' in Petrus Peregrinus, Opera, eds. Loris Sturlese, Ron B. Thomson (Pisa, 1995), 63–89",14th ct.,,pen drawing in manuscript,No,part 2,,,2
22,"contains letters or text,schematic or abstract representation,no color,pen drawing in manuscript,perpetuum mobile,in text body,related to part 2",1351-1400,"Erfurt, Universitätsbibliothek, Q 387 (pp./ff. 61v-64v), here p./f. 64r","manuscript of full treatise: siglum 'E' in Petrus Peregrinus, Opera, eds. Loris Sturlese, Ron B. Thomson (Pisa, 1995), 63–89",14th ct.,,pen drawing in manuscript,No,part 2,,,2
23,"contains letters or text,belongs to a set,experiment,schematic or abstract representation,no color,pen drawing in manuscript,divided magnet,in line,related to part 1",1551-1600,"Foligno, Seminario Vescovile, Biblioteca Jacobilli, C III 7 (pp./ff. 110-123), here p./f. 7r","manuscript of full treatise: witness not considered in Petrus Peregrinus, Opera, eds. Loris Sturlese, Ron B. Thomson (Pisa, 1995)",26 April 1541,,pen drawing in manuscript,No,part 1,copied in in Rome,,2
24,"contains letters or text,belongs to a set,experiment,schematic or abstract representation,no color,pen drawing in manuscript,divided magnet,in margin,related to part 1",1551-1600,"Foligno, Seminario Vescovile, Biblioteca Jacobilli, C III 7 (pp./ff. 110-123), here p./f. 7r","manuscript of full treatise: witness not considered in Petrus Peregrinus, Opera, eds. Loris Sturlese, Ron B. Thomson (Pisa, 1995)",26 April 1541,,pen drawing in manuscript,No,part 1,copied in in Rome,,2
25,"contains letters or text,belongs to a set,experiment,schematic or abstract representation,no color,pen drawing in manuscript,divided magnet,in margin,related to part 1",1551-1600,"Foligno, Seminario Vescovile, Biblioteca Jacobilli, C III 7 (pp./ff. 110-123), here p./f. 7v","manuscript of full treatise: witness not considered in Petrus Peregrinus, Opera, eds. Loris Sturlese, Ron B. Thomson (Pisa, 1995)",26 April 1541,,pen drawing in manuscript,No,part 1,copied in in Rome,,2
26,"contains letters or text,belongs to a set,experiment,schematic or abstract representation,no color,pen drawing in manuscript,divided magnet,in margin,related to part 1",1551-1600,"Foligno, Seminario Vescovile, Biblioteca Jacobilli, C III 7 (pp./ff. 110-123), here p./f. 7v","manuscript of full treatise: witness not considered in Petrus Peregrinus, Opera, eds. Loris Sturlese, Ron B. Thomson (Pisa, 1995)",26 April 1541,,pen drawing in manuscript,No,part 1,copied in in Rome,,2
27,"contains letters or text,belongs to a set,experiment,schematic or abstract representation,no color,pen drawing in manuscript,divided magnet,in line,related to part 1",1551-1600,"Foligno, Seminario Vescovile, Biblioteca Jacobilli, C III 7 (pp./ff. 110-123), here p./f. 7v","manuscript of full treatise: witness not considered in Petrus Peregrinus, Opera, eds. Loris Sturlese, Ron B. Thomson (Pisa, 1995)",26 April 1541,,pen drawing in manuscript,No,part 1,copied in in Rome,,2
28,"contains letters or text,belongs to a set,experiment,schematic or abstract representation,no color,pen drawing in manuscript,divided magnet,in line,related to part 1",1551-1600,"Foligno, Seminario Vescovile, Biblioteca Jacobilli, C III 7 (pp./ff. 110-123), here p./f. 7v","manuscript of full treatise: witness not considered in Petrus Peregrinus, Opera, eds. Loris Sturlese, Ron B. Thomson (Pisa, 1995)",26 April 1541,,pen drawing in manuscript,No,part 1,copied in in Rome,,2
29,"contains letters or text,belongs to a set,experiment,schematic or abstract representation,no color,pen drawing in manuscript,divided magnet,in line,related to part 1",1551-1600,"Foligno, Seminario Vescovile, Biblioteca Jacobilli, C III 7 (pp./ff. 110-123), here p./f. 7v","manuscript of full treatise: witness not considered in Petrus Peregrinus, Opera, eds. Loris Sturlese, Ron B. Thomson (Pisa, 1995)",26 April 1541,,pen drawing in manuscript,No,part 1,copied in in Rome,,2
30,"contains letters or text,belongs to a set,experiment,schematic or abstract representation,no color,pen drawing in manuscript,divided magnet,bottom of the page,related to part 1",1551-1600,"Foligno, Seminario Vescovile, Biblioteca Jacobilli, C III 7 (pp./ff. 110-123), here p./f. 8r","manuscript of full treatise: witness not considered in Petrus Peregrinus, Opera, eds. Loris Sturlese, Ron B. Thomson (Pisa, 1995)",26 April 1541,,pen drawing in manuscript,No,part 1,copied in in Rome,,2
31,"contains letters or text,experiment,naturalistic features,no color,pen drawing in manuscript,magnetic clock,in margin,related to part 1",1551-1600,"Foligno, Seminario Vescovile, Biblioteca Jacobilli, C III 7 (pp./ff. 110-123), here p./f. 10v","manuscript of full treatise: witness not considered in Petrus Peregrinus, Opera, eds. Loris Sturlese, Ron B. Thomson (Pisa, 1995)",26 April 1541,,pen drawing in manuscript,No,part 1,copied in in Rome,,2
32,"contains letters or text,experiment,naturalistic features,no color,pen drawing in manuscript,magnetic clock,in text body,related to part 1",1551-1600,"Foligno, Seminario Vescovile, Biblioteca Jacobilli, C III 7 (pp./ff. 110-123), here p./f. 10v","manuscript of full treatise: witness not considered in Petrus Peregrinus, Opera, eds. Loris Sturlese, Ron B. Thomson (Pisa, 1995)",26 April 1541,,pen drawing in manuscript,No,part 1,copied in in Rome,,2
33,"contains letters or text,schematic or abstract representation,no color,pen drawing in manuscript,needle compass,bottom of the page,related to part 2",1551-1600,"Foligno, Seminario Vescovile, Biblioteca Jacobilli, C III 7 (pp./ff. 110-123), here p./f. 12v","manuscript of full treatise: witness not considered in Petrus Peregrinus, Opera, eds. Loris Sturlese, Ron B. Thomson (Pisa, 1995)",26 April 1541,,pen drawing in manuscript,No,part 2,copied in in Rome,,2
34,"contains letters or text,experiment,naturalistic features,no color,pen drawing in manuscript,perpetuum mobile,seperate sheet,related to part 2",1551-1600,"Foligno, Seminario Vescovile, Biblioteca Jacobilli, C III 7 (pp./ff. 110-123), here p./f. 14v","manuscript of full treatise: witness not considered in Petrus Peregrinus, Opera, eds. Loris Sturlese, Ron B. Thomson (Pisa, 1995)",26 April 1541,,pen drawing in manuscript,No,part 2,copied in in Rome,,2
35,"contains letters or text,schematic or abstract representation,no color,pen drawing in manuscript,perpetuum mobile,seperate sheet,related to part 2",1501-1550,"Gotha, Forschungsbibliothek Gotha, Chart. B 1423 (pp./ff. 4r-12r), here p./f. 12r","manuscript of full treatise: siglum 'Go' in Petrus Peregrinus, Opera, eds. Loris Sturlese, Ron B. Thomson (Pisa, 1995), 63–89",1501/1525,http://www.manuscripta-mediaevalia.de/dokumente/html/obj31627467,pen drawing in manuscript,No,part 2,,,2
36,"contains letters or text,experiment,naturalistic features,schematic or abstract representation,no color,pen drawing in manuscript,divided magnet,in margin,related to part 1",1601-1650,"Jena, Thüringer Universitätsbibliothek Jena, Ms. Sag. f. 18 (pp./ff. 19v-22r), here p./f. 21r","manuscript of full treatise: Taisnier, Jean. Opusculum perpetua memoria dignissimum: de natura magnetis, et eius effectibus. Coloniae: Apud Ioannum Birckmannum, 1562",1st quarter 17th ct.,https://nbn-resolving.org/urn:nbn:de:urmel-0ebb5a24-eb7b-4544-8869-a3e167a78aa83,pen drawing in manuscript,No,part 1,"copy of Taisnier, Jean. Opusculum perpetua memoria dignissimum: de natura magnetis, et eius effectibus. Coloniae: Apud Ioannum Birckmannum, 1562",,2
37,"contains letters or text,schematic or abstract representation,no color,pen drawing in manuscript,perpetuum mobile,in margin,related to part 2",1601-1650,"Jena, Thüringer Universitätsbibliothek Jena, Ms. Sag. f. 18 (pp./ff. 19v-22r), here p./f. 21v","manuscript of full treatise: Taisnier, Jean. Opusculum perpetua memoria dignissimum: de natura magnetis, et eius effectibus. Coloniae: Apud Ioannum Birckmannum, 1562",1st quarter 17th ct.,https://nbn-resolving.org/urn:nbn:de:urmel-0ebb5a24-eb7b-4544-8869-a3e167a78aa83,pen drawing in manuscript,No,part 2,"color: black and brown
copy of Taisnier, Jean. Opusculum perpetua memoria dignissimum: de natura magnetis, et eius effectibus. Coloniae: Apud Ioannum Birckmannum, 1562",,2
38,"contains letters or text,experiment,naturalistic features,no color,pen drawing in manuscript,perpetuum mobile (part),in margin,related to part 2",1601-1650,"Jena, Thüringer Universitätsbibliothek Jena, Ms. Sag. f. 18 (pp./ff. 19v-22r), here p./f. 22r","manuscript of full treatise: Taisnier, Jean. Opusculum perpetua memoria dignissimum: de natura magnetis, et eius effectibus. Coloniae: Apud Ioannum Birckmannum, 1562",1st quarter 17th ct.,https://nbn-resolving.org/urn:nbn:de:urmel-0ebb5a24-eb7b-4544-8869-a3e167a78aa83,pen drawing in manuscript,No,part 2,"preparation of the magnet for the perpetuum mobile
copy of Taisnier, Jean. Opusculum perpetua memoria dignissimum: de natura magnetis, et eius effectibus. Coloniae: Apud Ioannum Birckmannum, 1562",,2
39,"naturalistic features,no color,pen drawing in manuscript,perpetuum mobile (part),bottom of the page,related to part 2",1601-1650,"Jena, Thüringer Universitätsbibliothek Jena, Ms. Sag. f. 18 (pp./ff. 19v-22r), here p./f. 22r","manuscript of full treatise: Taisnier, Jean. Opusculum perpetua memoria dignissimum: de natura magnetis, et eius effectibus. Coloniae: Apud Ioannum Birckmannum, 1562",1st quarter 17th ct.,https://nbn-resolving.org/urn:nbn:de:urmel-0ebb5a24-eb7b-4544-8869-a3e167a78aa83,pen drawing in manuscript,No,part 2,"part of the outer construction of the perpetuum mobile
copy of Taisnier, Jean. Opusculum perpetua memoria dignissimum: de natura magnetis, et eius effectibus. Coloniae: Apud Ioannum Birckmannum, 1562",,2
40,"contains letters or text,naturalistic features,no color,pen drawing in manuscript,perpetuum mobile,bottom of the page,related to part 2",1601-1650,"Jena, Thüringer Universitätsbibliothek Jena, Ms. Sag. f. 18 (pp./ff. 19v-22r), here p./f. 22r","manuscript of full treatise: Taisnier, Jean. Opusculum perpetua memoria dignissimum: de natura magnetis, et eius effectibus. Coloniae: Apud Ioannum Birckmannum, 1562",1st quarter 17th ct.,https://nbn-resolving.org/urn:nbn:de:urmel-0ebb5a24-eb7b-4544-8869-a3e167a78aa83,pen drawing in manuscript,No,part 2,"copy of Taisnier, Jean. Opusculum perpetua memoria dignissimum: de natura magnetis, et eius effectibus. Coloniae: Apud Ioannum Birckmannum, 1562",,2
41,"contains letters or text,experiment,schematic or abstract representation,no color,pen drawing in manuscript,divided magnet,in margin,related to part 1",1501-1550,"Leiden, Universitaire Bibliotheken, Voss. Chim. Q 27 (pp./ff. 51r-58bisr), here p./f. 54v","manuscript of full treatise: siglum 'Le' in Petrus Peregrinus, Opera, eds. Loris Sturlese, Ron B. Thomson (Pisa, 1995), 63–89",1500-1540?,http://hdl.handle.net/1887.1/item:935650,pen drawing in manuscript,No,part 1,,,2
42,"contains letters or text,schematic or abstract representation,no color,pen drawing in manuscript,magnetic compass,bottom of the page,related to part 2",1501-1550,"Leiden, Universitaire Bibliotheken, Voss. Chim. Q 27 (pp./ff. 51r-58bisr), here p./f. 57r","manuscript of full treatise: siglum 'Le' in Petrus Peregrinus, Opera, eds. Loris Sturlese, Ron B. Thomson (Pisa, 1995), 63–89",1500-1540?,http://hdl.handle.net/1887.1/item:935650,pen drawing in manuscript,No,part 2,,,2
43,"no color,pen drawing in manuscript,needle compass,bottom of the page,related to part 2",1501-1550,"Leiden, Universitaire Bibliotheken, Voss. Chim. Q 27 (pp./ff. 51r-58bisr), here p./f. 58r","manuscript of full treatise: siglum 'Le' in Petrus Peregrinus, Opera, eds. Loris Sturlese, Ron B. Thomson (Pisa, 1995), 63–89",1500-1540?,http://hdl.handle.net/1887.1/item:935650,pen drawing in manuscript,No,part 2,,,2
44,"schematic or abstract representation,no color,pen drawing in manuscript,perpetuum mobile,bottom of the page,related to part 2",1501-1550,"Leiden, Universitaire Bibliotheken, Voss. Chim. Q 27 (pp./ff. 51r-58bisr), here p./f. 58bisr","manuscript of full treatise: siglum 'Le' in Petrus Peregrinus, Opera, eds. Loris Sturlese, Ron B. Thomson (Pisa, 1995), 63–89",1500-1540?,http://hdl.handle.net/1887.1/item:935650,pen drawing in manuscript,No,part 2,,,2
45,"contains letters or text,schematic or abstract representation,no color,pen drawing in manuscript,needle compass,in text body,related to part 2",1451-1500,"Leipzig, Universitätsbibliothek Leipzig, Ms 1484 (pp./ff. 267va-271va), here p./f. 271r","manuscript of full treatise: siglum 'L' in Petrus Peregrinus, Opera, eds. Loris Sturlese, Ron B. Thomson (Pisa, 1995), 63–89",1446,https://digital.ub.uni-leipzig.de/object/viewid/0000012940,pen drawing in manuscript,No,part 2,,,2
46,"schematic or abstract representation,color,pen drawing in manuscript,perpetuum mobile,in text body,related to part 2",1451-1500,"Leipzig, Universitätsbibliothek Leipzig, Ms 1484 (pp./ff. 267va-271va), here p./f. 271v","manuscript of full treatise: siglum 'L' in Petrus Peregrinus, Opera, eds. Loris Sturlese, Ron B. Thomson (Pisa, 1995), 63–89",1446,https://digital.ub.uni-leipzig.de/object/viewid/0000012940,pen drawing in manuscript,Yes,part 2,"color: brown, grey, red",,2
47,"contains letters or text,belongs to a set,experiment,schematic or abstract representation,no color,pen drawing in print,divided magnet,in margin,related to part 1",1551-1600,"London, British Library, C.54.bb.6 (pp./ff. fol. B3v-F4r), here p./f. C4v","printed edition of full treatise: Petrus Peregrinus. De Magnete, Seu Rota Perpetui Motus, Libellus. Edited by Achilles Pirmin Gasser. Augsburg: Philipp Ulhart d.Ä., 1558","after 1558, before 1608",http://explore.bl.uk/BLVU1:LSCOP-ALL:BLL01002820213,pen drawing in print,No,part 1,editioned owned and annotated by John Dee,,2
48,"contains letters or text,belongs to a set,experiment,schematic or abstract representation,no color,pen drawing in print,divided magnet,in margin,related to part 1",1551-1600,"London, British Library, C.54.bb.6 (pp./ff. fol. B3v-F4r), here p./f. C4v","printed edition of full treatise: Petrus Peregrinus. De Magnete, Seu Rota Perpetui Motus, Libellus. Edited by Achilles Pirmin Gasser. Augsburg: Philipp Ulhart d.Ä., 1558","after 1558, before 1608",http://explore.bl.uk/BLVU1:LSCOP-ALL:BLL01002820213,pen drawing in print,No,part 1,editioned owned and annotated by John Dee,,2
49,"contains letters or text,belongs to a set,experiment,schematic or abstract representation,no color,pen drawing in print,divided magnet,bottom of the page,related to part 1",1551-1600,"London, British Library, C.54.bb.6 (pp./ff. fol. B3v-F4r), here p./f. D1r","printed edition of full treatise: Petrus Peregrinus. De Magnete, Seu Rota Perpetui Motus, Libellus. Edited by Achilles Pirmin Gasser. Augsburg: Philipp Ulhart d.Ä., 1558","after 1558, before 1608",http://explore.bl.uk/BLVU1:LSCOP-ALL:BLL01002820213,pen drawing in print,No,part 1,editioned owned and annotated by John Dee,,2
50,"contains letters or text,belongs to a set,experiment,schematic or abstract representation,no color,pen drawing in print,divided magnet,bottom of the page,related to part 1",1551-1600,"London, British Library, C.54.bb.6 (pp./ff. fol. B3v-F4r), here p./f. D1r","printed edition of full treatise: Petrus Peregrinus. De Magnete, Seu Rota Perpetui Motus, Libellus. Edited by Achilles Pirmin Gasser. Augsburg: Philipp Ulhart d.Ä., 1558","after 1558, before 1608",http://explore.bl.uk/BLVU1:LSCOP-ALL:BLL01002820213,pen drawing in print,No,part 1,editioned owned and annotated by John Dee,,2
51,"contains letters or text,belongs to a set,experiment,schematic or abstract representation,no color,pen drawing in print,divided magnet,in margin,related to part 1",1551-1600,"London, British Library, C.54.bb.6 (pp./ff. fol. B3v-F4r), here p./f. D1v","printed edition of full treatise: Petrus Peregrinus. De Magnete, Seu Rota Perpetui Motus, Libellus. Edited by Achilles Pirmin Gasser. Augsburg: Philipp Ulhart d.Ä., 1558","after 1558, before 1608",http://explore.bl.uk/BLVU1:LSCOP-ALL:BLL01002820213,pen drawing in print,No,part 1,editioned owned and annotated by John Dee,,2
52,"contains letters or text,belongs to a set,experiment,schematic or abstract representation,no color,pen drawing in print,divided magnet,in margin,related to part 1",1551-1600,"London, British Library, C.54.bb.6 (pp./ff. fol. B3v-F4r), here p./f. D1v","printed edition of full treatise: Petrus Peregrinus. De Magnete, Seu Rota Perpetui Motus, Libellus. Edited by Achilles Pirmin Gasser. Augsburg: Philipp Ulhart d.Ä., 1558","after 1558, before 1608",http://explore.bl.uk/BLVU1:LSCOP-ALL:BLL01002820213,pen drawing in print,No,part 1,editioned owned and annotated by John Dee,,2
53,"schematic or abstract representation,no color,pen drawing in manuscript,magnetic compass,in text body,related to part 2",1351-1400,"London, Institution of Electrical Engineers, Thompson l (pp./ff. 1r-6r), here p./f. 8","manuscript of full treatise: siglum 'Q' in Petrus Peregrinus, Opera, eds. Loris Sturlese, Ron B. Thomson (Pisa, 1995), 63–89",about 1390/15th ct.,https://idiscover.lib.cam.ac.uk/permalink/f/t9gok8/44CAM_ALMA21411634070003606,pen drawing in manuscript,No,part 2,,,2
54,"schematic or abstract representation,color,pen drawing in manuscript,needle compass,in text body,related to part 2",1351-1400,"London, Institution of Electrical Engineers, Thompson l (pp./ff. 1r-6r), here p./f. 9","manuscript of full treatise: siglum 'Q' in Petrus Peregrinus, Opera, eds. Loris Sturlese, Ron B. Thomson (Pisa, 1995), 63–89",about 1390/15th ct.,https://idiscover.lib.cam.ac.uk/permalink/f/t9gok8/44CAM_ALMA21411634070003606,pen drawing in manuscript,Yes,part 2,"color: black, red",,2
55,"schematic or abstract representation,no color,pen drawing in manuscript,perpetuum mobile,in text body,related to part 2",1351-1400,"London, Institution of Electrical Engineers, Thompson l (pp./ff. 1r-6r), here p./f. 11","manuscript of full treatise: siglum 'Q' in Petrus Peregrinus, Opera, eds. Loris Sturlese, Ron B. Thomson (Pisa, 1995), 63–89",about 1390/15th ct.,https://idiscover.lib.cam.ac.uk/permalink/f/t9gok8/44CAM_ALMA21411634070003606,pen drawing in manuscript,No,part 2,,,2
56,"contains letters or text,experiment,schematic or abstract representation,no color,pen drawing in manuscript,spherical magnet,bottom of the page,related to part 1",1451-1500,"London, Wellcome Historical Medical Library, Ms. 531 (pp./ff. 22r-30v), here p./f. 27r","manuscript of full treatise: siglum 'We' in Petrus Peregrinus, Opera, eds. Loris Sturlese, Ron B. Thomson (Pisa, 1995), 63–89",mid 15th ct.,https://wellcomelibrary.org/item/b18968880#?z=-0.8442%2C0.2992%2C1.6886%2C0.9717&cv=468&c=0&m=0&s=0,pen drawing in manuscript,No,part 1,Composite manuscript of medical works in Italian and Latin (Miscellanea Medica I). Wellcome Collection.,Composite manuscript of medical works in Italian and Latin (Miscellanea Medica I). Wellcome Collection.,2
57,"naturalistic features,schematic or abstract representation,no color,pen drawing in manuscript,magnetic compass,in text body,related to part 2",1451-1500,"London, Wellcome Historical Medical Library, Ms. 531 (pp./ff. 22r-30v), here p./f. 28v","manuscript of full treatise: siglum 'We' in Petrus Peregrinus, Opera, eds. Loris Sturlese, Ron B. Thomson (Pisa, 1995), 63–89",mid 15th ct.,https://wellcomelibrary.org/item/b18968880#?z=-0.8442%2C0.2992%2C1.6886%2C0.9717&cv=468&c=0&m=0&s=0,pen drawing in manuscript,No,part 2,"Sturlese, p. 22, comments: ""rappresentazione schematica della bussola a calamita, quasi incomprensibile""
image is located at the end of part 2, ch. 1 (below ""...figura demonstrat."")
Composite manuscript of medical works in Italian and Latin (Miscellanea Medica I). Wellcome Collection.",Composite manuscript of medical works in Italian and Latin (Miscellanea Medica I). Wellcome Collection.,2
58,"contains letters or text,schematic or abstract representation,no color,pen drawing in manuscript,needle compass,in text body,related to part 2",1451-1500,"London, Wellcome Historical Medical Library, Ms. 531 (pp./ff. 22r-30v), here p./f. 29v","manuscript of full treatise: siglum 'We' in Petrus Peregrinus, Opera, eds. Loris Sturlese, Ron B. Thomson (Pisa, 1995), 63–89",mid 15th ct.,https://wellcomelibrary.org/item/b18968880#?z=-0.8442%2C0.2992%2C1.6886%2C0.9717&cv=468&c=0&m=0&s=0,pen drawing in manuscript,No,part 2,Composite manuscript of medical works in Italian and Latin (Miscellanea Medica I). Wellcome Collection.,Composite manuscript of medical works in Italian and Latin (Miscellanea Medica I). Wellcome Collection.,2
59,"schematic or abstract representation,no color,pen drawing in manuscript,perpetuum mobile,bottom of the page,related to part 2",1451-1500,"London, Wellcome Historical Medical Library, Ms. 531 (pp./ff. 22r-30v), here p./f. 30v","manuscript of full treatise: siglum 'We' in Petrus Peregrinus, Opera, eds. Loris Sturlese, Ron B. Thomson (Pisa, 1995), 63–89",mid 15th ct.,https://wellcomelibrary.org/item/b18968880#?z=-0.8442%2C0.2992%2C1.6886%2C0.9717&cv=468&c=0&m=0&s=0,pen drawing in manuscript,No,part 2,Composite manuscript of medical works in Italian and Latin (Miscellanea Medica I). Wellcome Collection.,Composite manuscript of medical works in Italian and Latin (Miscellanea Medica I). Wellcome Collection.,2
60,"contains letters or text,experiment,schematic or abstract representation,no color,pen drawing in manuscript,divided magnet,in text body,related to part 1",1501-1550,"Modena, Biblioteca Estense Universitaria, Lat. 1235 = alfa.F.1.31 (pp./ff. 18r-35v), here p./f. 25v","manuscript of full treatise: witness not considered in Petrus Peregrinus, Opera, eds. Loris Sturlese, Ron B. Thomson (Pisa, 1995)",1501-1600,,pen drawing in manuscript,No,part 1,,,2
61,"naturalistic features,no color,pen drawing in manuscript,magnetic clock,in text body,related to part 1",1501-1550,"Modena, Biblioteca Estense Universitaria, Lat. 1235 = alfa.F.1.31 (pp./ff. 18r-35v), here p./f. 29v","manuscript of full treatise: witness not considered in Petrus Peregrinus, Opera, eds. Loris Sturlese, Ron B. Thomson (Pisa, 1995)",1501-1600,,pen drawing in manuscript,No,part 1,,,2
62,"contains letters or text,schematic or abstract representation,no color,pen drawing in manuscript,magnetic compass,in text body,related to part 2",1501-1550,"Modena, Biblioteca Estense Universitaria, Lat. 1235 = alfa.F.1.31 (pp./ff. 18r-35v), here p./f. 31v","manuscript of full treatise: witness not considered in Petrus Peregrinus, Opera, eds. Loris Sturlese, Ron B. Thomson (Pisa, 1995)",1501-1600,,pen drawing in manuscript,No,part 2,,,2
63,"contains letters or text,schematic or abstract representation,no color,pen drawing in manuscript,needle compass,in text body,related to part 2",1501-1550,"Modena, Biblioteca Estense Universitaria, Lat. 1235 = alfa.F.1.31 (pp./ff. 18r-35v), here p./f. 33v","manuscript of full treatise: witness not considered in Petrus Peregrinus, Opera, eds. Loris Sturlese, Ron B. Thomson (Pisa, 1995)",1501-1600,,pen drawing in manuscript,No,part 2,,,2
64,"experiment,naturalistic features,no color,pen drawing in manuscript,perpetuum mobile,bottom of the page,related to part 2",1501-1550,"Modena, Biblioteca Estense Universitaria, Lat. 1235 = alfa.F.1.31 (pp./ff. 18r-35v), here p./f. 35v","manuscript of full treatise: witness not considered in Petrus Peregrinus, Opera, eds. Loris Sturlese, Ron B. Thomson (Pisa, 1995)",1501-1600,,pen drawing in manuscript,No,part 2,,,2
65,"contains letters or text,belongs to a set,experiment,schematic or abstract representation,no color,pen drawing in manuscript,divided magnet,bottom of the page,related to part 1",1501-1550,"Munich, Bayerische Staatsbibliothek, clm 10275 (pp./ff. 2r-22r), here p./f. 11v","manuscript of full treatise: siglum 'M' in Petrus Peregrinus, Opera, eds. Loris Sturlese, Ron B. Thomson (Pisa, 1995), 63–89",Early 16th ct.,,pen drawing in manuscript,No,part 1,,,2
66,"contains letters or text,belongs to a set,experiment,schematic or abstract representation,no color,pen drawing in manuscript,divided magnet,in line,related to part 1",1501-1550,"Munich, Bayerische Staatsbibliothek, clm 10275 (pp./ff. 2r-22r), here p./f. 12r","manuscript of full treatise: siglum 'M' in Petrus Peregrinus, Opera, eds. Loris Sturlese, Ron B. Thomson (Pisa, 1995), 63–89",Early 16th ct.,,pen drawing in manuscript,No,part 1,,,2
67,"contains letters or text,belongs to a set,experiment,schematic or abstract representation,no color,pen drawing in manuscript,divided magnet,in line,related to part 1",1501-1550,"Munich, Bayerische Staatsbibliothek, clm 10275 (pp./ff. 2r-22r), here p./f. 12r","manuscript of full treatise: siglum 'M' in Petrus Peregrinus, Opera, eds. Loris Sturlese, Ron B. Thomson (Pisa, 1995), 63–89",Early 16th ct.,,pen drawing in manuscript,No,part 1,,,2
68,"contains letters or text,belongs to a set,experiment,schematic or abstract representation,no color,pen drawing in manuscript,divided magnet,bottom of the page,related to part 1",1501-1550,"Munich, Bayerische Staatsbibliothek, clm 10275 (pp./ff. 2r-22r), here p./f. 12r","manuscript of full treatise: siglum 'M' in Petrus Peregrinus, Opera, eds. Loris Sturlese, Ron B. Thomson (Pisa, 1995), 63–89",Early 16th ct.,,pen drawing in manuscript,No,part 1,,,2
69,"contains letters or text,belongs to a set,experiment,schematic or abstract representation,no color,pen drawing in manuscript,divided magnet,in line,related to part 1",1501-1550,"Munich, Bayerische Staatsbibliothek, clm 10275 (pp./ff. 2r-22r), here p./f. 12v","manuscript of full treatise: siglum 'M' in Petrus Peregrinus, Opera, eds. Loris Sturlese, Ron B. Thomson (Pisa, 1995), 63–89",Early 16th ct.,,pen drawing in manuscript,No,part 1,,,2
70,"contains letters or text,belongs to a set,experiment,schematic or abstract representation,no color,pen drawing in manuscript,divided magnet,in line,related to part 1",1501-1550,"Munich, Bayerische Staatsbibliothek, clm 10275 (pp./ff. 2r-22r), here p./f. 12v","manuscript of full treatise: siglum 'M' in Petrus Peregrinus, Opera, eds. Loris Sturlese, Ron B. Thomson (Pisa, 1995), 63–89",Early 16th ct.,,pen drawing in manuscript,No,part 1,,,2
71,"contains letters or text,belongs to a set,experiment,schematic or abstract representation,no color,pen drawing in manuscript,divided magnet,in line,related to part 1",1501-1550,"Munich, Bayerische Staatsbibliothek, clm 10275 (pp./ff. 2r-22r), here p./f. 13r","manuscript of full treatise: siglum 'M' in Petrus Peregrinus, Opera, eds. Loris Sturlese, Ron B. Thomson (Pisa, 1995), 63–89",Early 16th ct.,,pen drawing in manuscript,No,part 1,,,2
72,"contains letters or text,belongs to a set,experiment,schematic or abstract representation,no color,pen drawing in manuscript,divided magnet,bottom of the page,related to part 1",1501-1550,"Munich, Bayerische Staatsbibliothek, clm 10275 (pp./ff. 2r-22r), here p./f. 13r","manuscript of full treatise: siglum 'M' in Petrus Peregrinus, Opera, eds. Loris Sturlese, Ron B. Thomson (Pisa, 1995), 63–89",Early 16th ct.,,pen drawing in manuscript,No,part 1,,,2
73,"experiment,naturalistic features,color,pen drawing in manuscript,magnetic clock,in text body,related to part 1",1501-1550,"Munich, Bayerische Staatsbibliothek, clm 10275 (pp./ff. 2r-22r), here p./f. 16r","manuscript of full treatise: siglum 'M' in Petrus Peregrinus, Opera, eds. Loris Sturlese, Ron B. Thomson (Pisa, 1995), 63–89",Early 16th ct.,,pen drawing in manuscript,Yes,part 1,"color: brown, red",,2
74,"contains letters or text,naturalistic features,schematic or abstract representation,no color,woodcut in print,magnetic compass,in text body,related to part 2",1551-1600,"Munich, Bayerische Staatsbibliothek, 4 Phys.sp. 187 u (pp./ff. B3v-F4r), here p./f. D4v","printed edition of full treatise: Petrus Peregrinus. De Magnete, Seu Rota Perpetui Motus, Libellus. Edited by Achilles Pirmin Gasser. Augsburg: Philipp Ulhart d.Ä., 1558",1558,http://mdz-nbn-resolving.de/urn:nbn:de:bvb:12-bsb10991601-5,woodcut in print,No,part 2,"siglum 'g' in Petrus Peregrinus, Opera, eds. Loris Sturlese, Ron B. Thomson (Pisa, 1995), 63–89",,2
75,"contains letters or text,schematic or abstract representation,no color,woodcut in print,needle compass,in text body,related to part 2",1551-1600,"Munich, Bayerische Staatsbibliothek, 4 Phys.sp. 187 u (pp./ff. B3v-F4r), here p./f. E1v","printed edition of full treatise: Petrus Peregrinus. De Magnete, Seu Rota Perpetui Motus, Libellus. Edited by Achilles Pirmin Gasser. Augsburg: Philipp Ulhart d.Ä., 1558",1558,http://mdz-nbn-resolving.de/urn:nbn:de:bvb:12-bsb10991601-5,woodcut in print,No,part 2,"siglum 'g' in Petrus Peregrinus, Opera, eds. Loris Sturlese, Ron B. Thomson (Pisa, 1995), 63–89",,2
76,"contains letters or text,schematic or abstract representation,no color,woodcut in print,perpetuum mobile,in text body,related to part 2",1551-1600,"Munich, Bayerische Staatsbibliothek, 4 Phys.sp. 187 u (pp./ff. B3v-F4r), here p./f. E3r","printed edition of full treatise: Petrus Peregrinus. De Magnete, Seu Rota Perpetui Motus, Libellus. Edited by Achilles Pirmin Gasser. Augsburg: Philipp Ulhart d.Ä., 1558",1558,http://mdz-nbn-resolving.de/urn:nbn:de:bvb:12-bsb10991601-5,woodcut in print,No,part 2,"siglum 'g' in Petrus Peregrinus, Opera, eds. Loris Sturlese, Ron B. Thomson (Pisa, 1995), 63–89",,2
77,"contains letters or text,naturalistic features,schematic or abstract representation,no color,woodcut in print,perpetuum mobile,in text body,related to part 2",1551-1600,"Munich, Bayerische Staatsbibliothek, 4 Phys.sp. 187 u (pp./ff. B3v-F4r), here p./f. F3v","printed edition of full treatise: Petrus Peregrinus. De Magnete, Seu Rota Perpetui Motus, Libellus. Edited by Achilles Pirmin Gasser. Augsburg: Philipp Ulhart d.Ä., 1558",1558,http://mdz-nbn-resolving.de/urn:nbn:de:bvb:12-bsb10991601-5,woodcut in print,No,part 2,"Cardano's design of the perpetuum mobile
siglum 'g' in Petrus Peregrinus, Opera, eds. Loris Sturlese, Ron B. Thomson (Pisa, 1995), 63–89",,2
78,"contains letters or text,schematic or abstract representation,color,pen drawing in manuscript,needle compass,bottom of the page,related to part 2",1351-1400,"Oxford, Bodleian Library, Ms. Ashmole 1522 (pp./ff. 181vb-187vb), here p./f. 186v","manuscript of full treatise: siglum 'A' in Petrus Peregrinus, Opera, eds. Loris Sturlese, Ron B. Thomson (Pisa, 1995), 63–89",14th ct.,,pen drawing in manuscript,Yes,part 2,"color: black, red",,2
79,"contains letters or text,schematic or abstract representation,no color,pen drawing in manuscript,perpetuum mobile,in text body,related to part 2",1351-1400,"Oxford, Bodleian Library, Ms. Ashmole 1522 (pp./ff. 181vb-187vb), here p./f. 187v","manuscript of full treatise: siglum 'A' in Petrus Peregrinus, Opera, eds. Loris Sturlese, Ron B. Thomson (Pisa, 1995), 63–89",14th ct.,,pen drawing in manuscript,No,part 2,,,2
80,"contains letters or text,schematic or abstract representation,color,pen drawing in manuscript,magnetic compass,in text body,related to part 2",1401-1450,"Oxford, Bodleian Library, Ms. Digby 75 (pp./ff. 65r-66r), here p./f. 65r","manuscript of full treatise: siglum 'D1' in Petrus Peregrinus, Opera, eds. Loris Sturlese, Ron B. Thomson (Pisa, 1995), 63–89",15th ct.,,pen drawing in manuscript,Yes,part 2,possibly colored,,2
81,"contains letters or text,schematic or abstract representation,color,pen drawing in manuscript,needle compass,in text body,related to part 2",1401-1450,"Oxford, Bodleian Library, Ms. Digby 75 (pp./ff. 65r-66r), here p./f. 65v","manuscript of full treatise: siglum 'D1' in Petrus Peregrinus, Opera, eds. Loris Sturlese, Ron B. Thomson (Pisa, 1995), 63–89",15th ct.,,pen drawing in manuscript,Yes,part 2,possibly colored,,2
82,"schematic or abstract representation,color,pen drawing in manuscript,perpetuum mobile,in text body,related to part 2",1401-1450,"Oxford, Bodleian Library, Ms. Digby 75 (pp./ff. 65r-66r), here p./f. 66r","manuscript of full treatise: siglum 'D1' in Petrus Peregrinus, Opera, eds. Loris Sturlese, Ron B. Thomson (Pisa, 1995), 63–89",15th ct.,,pen drawing in manuscript,Yes,part 2,possibly colored,,2
83,"contains letters or text,schematic or abstract representation,no color,pen drawing in manuscript,needle compass,in text body,related to part 2",1351-1400,"Oxford, Bodleian Library, Ms. Digby 147 (pp./ff. 63r-67av), here p./f. 66v","manuscript of full treatise: siglum 'D2' in Petrus Peregrinus, Opera, eds. Loris Sturlese, Ron B. Thomson (Pisa, 1995), 63–89",End of 14th ct.,https://digital.bodleian.ox.ac.uk/objects/175174af-8302-44f1-bd79-80f367d99228/,pen drawing in manuscript,No,part 2,,,2
84,"contains letters or text,schematic or abstract representation,color,pen drawing in manuscript,perpetuum mobile,bottom of the page,related to part 2",1351-1400,"Oxford, Bodleian Library, Ms. Digby 147 (pp./ff. 63r-67av), here p./f. 67v","manuscript of full treatise: siglum 'D2' in Petrus Peregrinus, Opera, eds. Loris Sturlese, Ron B. Thomson (Pisa, 1995), 63–89",End of 14th ct.,https://digital.bodleian.ox.ac.uk/objects/175174af-8302-44f1-bd79-80f367d99228/,pen drawing in manuscript,Yes,part 2,"color: brown, red",,2
85,"contains letters or text,schematic or abstract representation,no color,pen drawing in manuscript,magnetic compass,in text body,related to part 2",1351-1400,"Oxford, Bodleian Library, Ms. Digby 193 (pp./ff. 13rb-15rb), here p./f. 14v","manuscript of short version: siglum 'D3' in Petrus Peregrinus, Opera, eds. Loris Sturlese, Ron B. Thomson (Pisa, 1995), 63–89",End of 14th ct.,,pen drawing in manuscript,No,part 2,,,2
86,"contains letters or text,schematic or abstract representation,no color,pen drawing in manuscript,needle compass,in text body,related to part 2",1351-1400,"Oxford, Bodleian Library, Ms. Digby 193 (pp./ff. 13rb-15rb), here p./f. 14v","manuscript of short version: siglum 'D3' in Petrus Peregrinus, Opera, eds. Loris Sturlese, Ron B. Thomson (Pisa, 1995), 63–89",End of 14th ct.,,pen drawing in manuscript,No,part 2,,,2
87,"contains letters or text,schematic or abstract representation,no color,pen drawing in manuscript,perpetuum mobile,in text body,related to part 2",1351-1400,"Oxford, Bodleian Library, Ms. Digby 193 (pp./ff. 13rb-15rb), here p./f. 15r","manuscript of short version: siglum 'D3' in Petrus Peregrinus, Opera, eds. Loris Sturlese, Ron B. Thomson (Pisa, 1995), 63–89",End of 14th ct.,,pen drawing in manuscript,No,part 2,,,2
88,"contains letters or text,belongs to a set,experiment,schematic or abstract representation,no color,pen drawing in manuscript,divided magnet,in margin,related to part 1",1351-1400,"Rome, Biblioteca Apostolica Vaticana, Pal. lat. 1122 (pp./ff. 120va-124ra), here p./f. 122r","manuscript of full treatise: siglum 'H' in Petrus Peregrinus, Opera, eds. Loris Sturlese, Ron B. Thomson (Pisa, 1995), 63–89",1st half 14th ct.,https://digi.ub.uni-heidelberg.de/diglit/bav_pal_lat_1122/0251,pen drawing in manuscript,No,part 1,,,2
89,"contains letters or text,belongs to a set,experiment,schematic or abstract representation,color,pen drawing in manuscript,divided magnet,in margin,related to part 1",1351-1400,"Rome, Biblioteca Apostolica Vaticana, Pal. lat. 1122 (pp./ff. 120va-124ra), here p./f. 122r","manuscript of full treatise: siglum 'H' in Petrus Peregrinus, Opera, eds. Loris Sturlese, Ron B. Thomson (Pisa, 1995), 63–89",1st half 14th ct.,https://digi.ub.uni-heidelberg.de/diglit/bav_pal_lat_1122/0251,pen drawing in manuscript,Yes,part 1,,,2
90,"contains letters or text,belongs to a set,schematic or abstract representation,color,pen drawing in manuscript,divided magnet,in margin,related to part 1",1351-1400,"Rome, Biblioteca Apostolica Vaticana, Pal. lat. 1122 (pp./ff. 120va-124ra), here p./f. 122r","manuscript of full treatise: siglum 'H' in Petrus Peregrinus, Opera, eds. Loris Sturlese, Ron B. Thomson (Pisa, 1995), 63–89",1st half 14th ct.,https://digi.ub.uni-heidelberg.de/diglit/bav_pal_lat_1122/0251,pen drawing in manuscript,Yes,part 1,,,2
91,"contains letters or text,belongs to a set,schematic or abstract representation,no color,pen drawing in manuscript,divided magnet,in margin,related to part 1",1351-1400,"Rome, Biblioteca Apostolica Vaticana, Pal. lat. 1122 (pp./ff. 120va-124ra), here p./f. 122r","manuscript of full treatise: siglum 'H' in Petrus Peregrinus, Opera, eds. Loris Sturlese, Ron B. Thomson (Pisa, 1995), 63–89",1st half 14th ct.,https://digi.ub.uni-heidelberg.de/diglit/bav_pal_lat_1122/0251,pen drawing in manuscript,No,part 1,,,2
92,"no color,empty space,empty space,in text body,related to part 1",1300-1350,"Rome, Biblioteca Apostolica Vaticana, Pal. lat. 1122 (pp./ff. 120va-124ra), here p./f. 122v","manuscript of full treatise: siglum 'H' in Petrus Peregrinus, Opera, eds. Loris Sturlese, Ron B. Thomson (Pisa, 1995), 63–89",1st half 14th ct.,https://digi.ub.uni-heidelberg.de/diglit/bav_pal_lat_1122/0251,empty space,No,part 1,positioned between ch. 9 and ch. 10 of part 1,,2
93,"contains letters or text,experiment,naturalistic features,schematic or abstract representation,color,pen drawing in manuscript,water basin with magnet,in text body,related to part 1",1401-1450,"Rome, Biblioteca Apostolica Vaticana, Pal. lat. 1340 (pp./ff. 30va-34vb), here p./f. 31v","manuscript of full treatise: siglum 'I' in Petrus Peregrinus, Opera, eds. Loris Sturlese, Ron B. Thomson (Pisa, 1995), 63–89",Mid 15 th ct. (1458/59),https://digi.vatlib.it/view/MSS_Pal.lat.1340/0072,pen drawing in manuscript,Yes,part 1,"color: brown, red",,2
94,"contains letters or text,schematic or abstract representation,no color,pen drawing in manuscript,magnetic compass,in text body,related to part 2",1401-1450,"Rome, Biblioteca Apostolica Vaticana, Pal. lat. 1340 (pp./ff. 30va-34vb), here p./f. 33v","manuscript of full treatise: siglum 'I' in Petrus Peregrinus, Opera, eds. Loris Sturlese, Ron B. Thomson (Pisa, 1995), 63–89",Mid 15 th ct. (1458/59),https://digi.vatlib.it/view/MSS_Pal.lat.1340/0072,pen drawing in manuscript,No,part 2,,,2
95,"contains letters or text,schematic or abstract representation,no color,pen drawing in manuscript,needle compass,in text body,related to part 2",1401-1450,"Rome, Biblioteca Apostolica Vaticana, Pal. lat. 1340 (pp./ff. 30va-34vb), here p./f. 34r","manuscript of full treatise: siglum 'I' in Petrus Peregrinus, Opera, eds. Loris Sturlese, Ron B. Thomson (Pisa, 1995), 63–89",Mid 15 th ct. (1458/59),https://digi.vatlib.it/view/MSS_Pal.lat.1340/0072,pen drawing in manuscript,No,part 2,,,2
96,"naturalistic features,no color,pen drawing in manuscript,perpetuum mobile,in text body,related to part 2",1401-1450,"Rome, Biblioteca Apostolica Vaticana, Pal. lat. 1340 (pp./ff. 30va-34vb), here p./f. 34v","manuscript of full treatise: siglum 'I' in Petrus Peregrinus, Opera, eds. Loris Sturlese, Ron B. Thomson (Pisa, 1995), 63–89",Mid 15 th ct. (1458/59),https://digi.vatlib.it/view/MSS_Pal.lat.1340/0072,pen drawing in manuscript,No,part 2,,,2
97,"schematic or abstract representation,no color,pen drawing in manuscript,magnetic compass,in text body,related to part 2",1351-1400,"Rome, Biblioteca Apostolica Vaticana, Vat. lat. 4082 (pp./ff. 193ra-195vb), here p./f. 195r","manuscript of full treatise: siglum 'Va' in Petrus Peregrinus, Opera, eds. Loris Sturlese, Ron B. Thomson (Pisa, 1995), 63–89",14th ct.,https://digi.vatlib.it/view/MSS_Vat.lat.4082/0400,pen drawing in manuscript,No,part 2,,,2
98,"schematic or abstract representation,no color,pen drawing in manuscript,needle compass,in text body,related to part 2",1351-1400,"Rome, Biblioteca Apostolica Vaticana, Vat. lat. 4082 (pp./ff. 193ra-195vb), here p./f. 195r","manuscript of full treatise: siglum 'Va' in Petrus Peregrinus, Opera, eds. Loris Sturlese, Ron B. Thomson (Pisa, 1995), 63–89",14th ct.,https://digi.vatlib.it/view/MSS_Vat.lat.4082/0400,pen drawing in manuscript,No,part 2,,,2
99,"schematic or abstract representation,no color,pen drawing in manuscript,perpetuum mobile,in text body,related to part 2",1351-1400,"Rome, Biblioteca Apostolica Vaticana, Vat. lat. 4082 (pp./ff. 193ra-195vb), here p./f. 195v","manuscript of full treatise: siglum 'Va' in Petrus Peregrinus, Opera, eds. Loris Sturlese, Ron B. Thomson (Pisa, 1995), 63–89",14th ct.,https://digi.vatlib.it/view/MSS_Vat.lat.4082/0400,pen drawing in manuscript,No,part 2,,,2
100,"experiment,naturalistic features,no color,pen drawing in manuscript,water basin with magnet,in margin,related to part ",1501-1550,"Torino, Biblioteca Nazionale Universitaria, G.V.10 (pp./ff. 8r-33v), here p./f. 1v","manuscript of full treatise: siglum 'To' in Petrus Peregrinus, Opera, eds. Loris Sturlese, Ron B. Thomson (Pisa, 1995), 63–89",End 16th ct.,,pen drawing in manuscript,No,part ,"copy of Petrus Peregrinus. De Magnete, Seu Rota Perpetui Motus, Libellus. Edited by Achilles Pirmin Gasser. Augsburg: Philipp Ulhart d.Ä., 1558",,2
101,"contains letters or text,belongs to a set,naturalistic features,schematic or abstract representation,no color,pen drawing in manuscript,perpetuum mobile,seperate sheet,related to part 2",1551-1600,"Torino, Biblioteca Nazionale Universitaria, G.V.10 (pp./ff. 1r-5v), here p./f. 22r","manuscript of translation into Italian: siglum 't' in Petrus Peregrinus, Opera, eds. Loris Sturlese, Ron B. Thomson (Pisa, 1995), 63–89",End 16th ct.,,pen drawing in manuscript,No,part 2,Cardano's design of the perpetuum mobile,,2
102,"contains letters or text,belongs to a set,naturalistic features,schematic or abstract representation,no color,pen drawing in manuscript,needle compass,seperate sheet,related to part 2",1551-1600,"Torino, Biblioteca Nazionale Universitaria, G.V.10 (pp./ff. 1r-5v), here p./f. 22r","manuscript of translation into Italian: siglum 't' in Petrus Peregrinus, Opera, eds. Loris Sturlese, Ron B. Thomson (Pisa, 1995), 63–89",End 16th ct.,,pen drawing in manuscript,No,part 2,,,2
103,"contains letters or text,belongs to a set,naturalistic features,schematic or abstract representation,no color,pen drawing in manuscript,magnetic compass,seperate sheet,related to part 2",1551-1600,"Torino, Biblioteca Nazionale Universitaria, G.V.10 (pp./ff. 1r-5v), here p./f. 22r","manuscript of translation into Italian: siglum 't' in Petrus Peregrinus, Opera, eds. Loris Sturlese, Ron B. Thomson (Pisa, 1995), 63–89",End 16th ct.,,pen drawing in manuscript,No,part 2,,,2
104,"contains letters or text,belongs to a set,naturalistic features,schematic or abstract representation,no color,pen drawing in manuscript,perpetuum mobile,seperate sheet,related to part 2",1551-1600,"Torino, Biblioteca Nazionale Universitaria, G.V.10 (pp./ff. 1r-5v), here p./f. 22r","manuscript of translation into Italian: siglum 't' in Petrus Peregrinus, Opera, eds. Loris Sturlese, Ron B. Thomson (Pisa, 1995), 63–89",End 16th ct.,,pen drawing in manuscript,No,part 2,,,2
105,"contains letters or text,schematic or abstract representation,no color,pencil drawing in manuscript,perpetuum mobile,bottom of the page,related to part 2",1551-1600,"Torino, Biblioteca Nazionale Universitaria, G.V.10 (pp./ff. 1r-5v), here p./f. 30r","manuscript of translation into Italian: siglum 't' in Petrus Peregrinus, Opera, eds. Loris Sturlese, Ron B. Thomson (Pisa, 1995), 63–89",End 16th ct.,,pencil drawing in manuscript,No,part 2,Cardano's design of the perpetuum mobile,,2
106,"contains letters or text,schematic or abstract representation,color,pen drawing in manuscript,magnetic compass,in text body,related to part 2",1451-1500,"Verona, Biblioteca civica, 395-397 (pp./ff. 42r-53v), here p./f. 50v","manuscript of full treatise: siglum 'X' in Petrus Peregrinus, Opera, eds. Loris Sturlese, Ron B. Thomson (Pisa, 1995), 63–89",15th ct.,,pen drawing in manuscript,Yes,part 2,"color: black, brown, blue, red, yellow",,2
107,"contains letters or text,schematic or abstract representation,color,pen drawing in manuscript,needle compass,in text body,related to part 2",1451-1500,"Verona, Biblioteca civica, 395-397 (pp./ff. 42r-53v), here p./f. 51v","manuscript of full treatise: siglum 'X' in Petrus Peregrinus, Opera, eds. Loris Sturlese, Ron B. Thomson (Pisa, 1995), 63–89",15th ct.,,pen drawing in manuscript,Yes,part 2,"color: black, brown, red, yellow",,2
108,"contains letters or text,schematic or abstract representation,color,pen drawing in manuscript,perpetuum mobile,seperate sheet,related to part 2",1451-1500,"Verona, Biblioteca civica, 395-397 (pp./ff. 42r-53v), here p./f. 53r","manuscript of full treatise: siglum 'X' in Petrus Peregrinus, Opera, eds. Loris Sturlese, Ron B. Thomson (Pisa, 1995), 63–89",15th ct.,,pen drawing in manuscript,Yes,part 2,"color: black, brown, blue, red, yellow",,2
109,"contains letters or text,belongs to a set,naturalistic features,schematic or abstract representation,no color,pen drawing in manuscript,magnetic compass,seperate sheet,related to part 2",1551-1600,"Vienna, Österreichische Nationalbibliothek, lat. 5969 (pp./ff. 180r-199v), here p./f. 196r","manuscript of translation into Italian: siglum 'p1' in Petrus Peregrinus, Opera, eds. Loris Sturlese, Ron B. Thomson (Pisa, 1995), 91–109",1400-1599,,pen drawing in manuscript,No,part 2,,,2
110,"contains letters or text,belongs to a set,schematic or abstract representation,no color,pen drawing in manuscript,needle compass,seperate sheet,related to part 2",1551-1600,"Vienna, Österreichische Nationalbibliothek, lat. 5969 (pp./ff. 180r-199v), here p./f. 196r","manuscript of translation into Italian: siglum 'p1' in Petrus Peregrinus, Opera, eds. Loris Sturlese, Ron B. Thomson (Pisa, 1995), 91–109",1400-1599,,pen drawing in manuscript,No,part 2,,,2
111,"contains letters or text,belongs to a set,experiment,schematic or abstract representation,no color,pen drawing in manuscript,magnet with iron pins,seperate sheet,related to part 1",1551-1600,"Vienna, Österreichische Nationalbibliothek, lat. 5969 (pp./ff. 180r-199v), here p./f. 196v","manuscript of translation into Italian: siglum 'p1' in Petrus Peregrinus, Opera, eds. Loris Sturlese, Ron B. Thomson (Pisa, 1995), 91–109",1400-1599,,pen drawing in manuscript,No,part 1,,,2
112,"contains letters or text,belongs to a set,experiment,schematic or abstract representation,no color,pen drawing in manuscript,magnet with iron pins,seperate sheet,related to part 1",1551-1600,"Vienna, Österreichische Nationalbibliothek, lat. 5969 (pp./ff. 180r-199v), here p./f. 196v","manuscript of translation into Italian: siglum 'p1' in Petrus Peregrinus, Opera, eds. Loris Sturlese, Ron B. Thomson (Pisa, 1995), 91–109",1400-1599,,pen drawing in manuscript,No,part 1,,,2
113,"contains letters or text,belongs to a set,experiment,schematic or abstract representation,no color,pen drawing in manuscript,water basin with magnet,seperate sheet,related to part 1",1551-1600,"Vienna, Österreichische Nationalbibliothek, lat. 5969 (pp./ff. 180r-199v), here p./f. 196v","manuscript of translation into Italian: siglum 'p1' in Petrus Peregrinus, Opera, eds. Loris Sturlese, Ron B. Thomson (Pisa, 1995), 91–109",1400-1599,,pen drawing in manuscript,No,part 1,,,2
114,"contains letters or text,belongs to a set,experiment,schematic or abstract representation,no color,pen drawing in manuscript,water basin with magnet,seperate sheet,related to part 1",1551-1600,"Vienna, Österreichische Nationalbibliothek, lat. 5969 (pp./ff. 180r-199v), here p./f. 196v","manuscript of translation into Italian: siglum 'p1' in Petrus Peregrinus, Opera, eds. Loris Sturlese, Ron B. Thomson (Pisa, 1995), 91–109",1400-1599,,pen drawing in manuscript,No,part 1,,,2
115,"contains letters or text,belongs to a set,experiment,schematic or abstract representation,no color,pen drawing in manuscript,water basin with magnet,seperate sheet,related to part 1",1551-1600,"Vienna, Österreichische Nationalbibliothek, lat. 5969 (pp./ff. 180r-199v), here p./f. 198r","manuscript of translation into Italian: siglum 'p1' in Petrus Peregrinus, Opera, eds. Loris Sturlese, Ron B. Thomson (Pisa, 1995), 91–109",1400-1599,,pen drawing in manuscript,No,part 1,,,2
116,"contains letters or text,belongs to a set,experiment,naturalistic features,schematic or abstract representation,no color,pen drawing in manuscript,divided magnet,seperate sheet,related to part 1",1551-1600,"Vienna, Österreichische Nationalbibliothek, lat. 5969 (pp./ff. 180r-199v), here p./f. 198r","manuscript of translation into Italian: siglum 'p1' in Petrus Peregrinus, Opera, eds. Loris Sturlese, Ron B. Thomson (Pisa, 1995), 91–109",1400-1599,,pen drawing in manuscript,No,part 1,,,2
117,"contains letters or text,belongs to a set,experiment,naturalistic features,schematic or abstract representation,no color,pen drawing in manuscript,divided magnet,seperate sheet,related to part 1",1551-1600,"Vienna, Österreichische Nationalbibliothek, lat. 5969 (pp./ff. 180r-199v), here p./f. 198r","manuscript of translation into Italian: siglum 'p1' in Petrus Peregrinus, Opera, eds. Loris Sturlese, Ron B. Thomson (Pisa, 1995), 91–109",1400-1599,,pen drawing in manuscript,No,part 1,,,2
118,"contains letters or text,naturalistic features,schematic or abstract representation,no color,pen drawing in manuscript,perpetuum mobile,seperate sheet,related to part 2",1551-1600,"Vienna, Österreichische Nationalbibliothek, lat. 5969 (pp./ff. 180r-199v), here p./f. 199r","manuscript of translation into Italian: siglum 'p1' in Petrus Peregrinus, Opera, eds. Loris Sturlese, Ron B. Thomson (Pisa, 1995), 91–109",1400-1599,,pen drawing in manuscript,No,part 2,,,2
119,"contains letters or text,schematic or abstract representation,color,pen drawing in manuscript,magnetic compass,in text body,related to part 2",1351-1400,"Vienna, Österreichische Nationalbibliothek, lat. 5311 (pp./ff. 61va-63vb ), here p./f. 63r","manuscript of translation into Italian: siglum 'V' in Petrus Peregrinus, Opera, eds. Loris Sturlese, Ron B. Thomson (Pisa, 1995), 91–109",2nd half 14th ct.,https://digital.onb.ac.at/RepViewer/viewer.faces?doc=DTL_3646314&order=1&view=SINGLE,pen drawing in manuscript,Yes,part 2,"color: black, brown, red",,2
120,"contains letters or text,schematic or abstract representation,color,pen drawing in manuscript,needle compass,in text body,related to part 2",1351-1400,"Vienna, Österreichische Nationalbibliothek, lat. 5311 (pp./ff. 61va-63vb ), here p./f. 63r","manuscript of translation into Italian: siglum 'V' in Petrus Peregrinus, Opera, eds. Loris Sturlese, Ron B. Thomson (Pisa, 1995), 91–109",2nd half 14th ct.,https://digital.onb.ac.at/RepViewer/viewer.faces?doc=DTL_3646314&order=1&view=SINGLE,pen drawing in manuscript,Yes,part 2,"color: black, brown, red",,2
121,"contains letters or text,schematic or abstract representation,color,pen drawing in manuscript,perpetuum mobile,in text body,related to part 2",1351-1400,"Vienna, Österreichische Nationalbibliothek, lat. 5311 (pp./ff. 61va-63vb ), here p./f. 63v","manuscript of translation into Italian: siglum 'V' in Petrus Peregrinus, Opera, eds. Loris Sturlese, Ron B. Thomson (Pisa, 1995), 91–109",2nd half 14th ct.,https://digital.onb.ac.at/RepViewer/viewer.faces?doc=DTL_3646314&order=1&view=SINGLE,pen drawing in manuscript,Yes,part 2,"color: black, brown, red",,2
122,"contains letters or text,belongs to a set,experiment,schematic or abstract representation,no color,pen drawing in manuscript,divided magnet,in margin,related to part 1",1351-1400,"Paris, Bibliothèque Nationale, lat. 7378A (pp./ff. 67rb-68vb), here p./f. 68r","manuscript of full treatise: siglum 'Pa1' in Petrus Peregrinus, Opera, eds. Loris Sturlese, Ron B. Thomson (Pisa, 1995), 63–89",14th ct.,https://gallica.bnf.fr/view3if/ga/ark:/12148/btv1b525016914,pen drawing in manuscript,No,part 1,,,2
123,"contains letters or text,belongs to a set,experiment,schematic or abstract representation,no color,pen drawing in manuscript,divided magnet,in margin,related to part 1",1351-1400,"Paris, Bibliothèque Nationale, lat. 7378A (pp./ff. 67rb-68vb), here p./f. 68r","manuscript of full treatise: siglum 'Pa1' in Petrus Peregrinus, Opera, eds. Loris Sturlese, Ron B. Thomson (Pisa, 1995), 63–89",14th ct.,https://gallica.bnf.fr/view3if/ga/ark:/12148/btv1b525016914,pen drawing in manuscript,No,part 1,,,2
124,"contains letters or text,belongs to a set,experiment,schematic or abstract representation,no color,pen drawing in manuscript,divided magnet,in margin,related to part 1",1351-1400,"Paris, Bibliothèque Nationale, lat. 7378A (pp./ff. 67rb-68vb), here p./f. 68r","manuscript of full treatise: siglum 'Pa1' in Petrus Peregrinus, Opera, eds. Loris Sturlese, Ron B. Thomson (Pisa, 1995), 63–89",14th ct.,https://gallica.bnf.fr/view3if/ga/ark:/12148/btv1b525016914,pen drawing in manuscript,No,part 1,,,2
125,"contains letters or text,belongs to a set,experiment,schematic or abstract representation,no color,pen drawing in manuscript,divided magnet,in margin,related to part 1",1351-1400,"Paris, Bibliothèque Nationale, lat. 7378A (pp./ff. 67rb-68vb), here p./f. 68r","manuscript of full treatise: siglum 'Pa1' in Petrus Peregrinus, Opera, eds. Loris Sturlese, Ron B. Thomson (Pisa, 1995), 63–89",14th ct.,https://gallica.bnf.fr/view3if/ga/ark:/12148/btv1b525016914,pen drawing in manuscript,No,part 1,,,2
126,"contains letters or text,belongs to a set,experiment,schematic or abstract representation,no color,pen drawing in manuscript,divided magnet,in margin,related to part 1",1351-1400,"Paris, Bibliothèque Nationale, lat. 7378A (pp./ff. 67rb-68vb), here p./f. 68r","manuscript of full treatise: siglum 'Pa1' in Petrus Peregrinus, Opera, eds. Loris Sturlese, Ron B. Thomson (Pisa, 1995), 63–89",14th ct.,https://gallica.bnf.fr/view3if/ga/ark:/12148/btv1b525016914,pen drawing in manuscript,No,part 1,,,2
127,"contains letters or text,belongs to a set,experiment,schematic or abstract representation,no color,pen drawing in manuscript,divided magnet,in margin,related to part 1",1351-1400,"Paris, Bibliothèque Nationale, lat. 7378A (pp./ff. 67rb-68vb), here p./f. 68r","manuscript of full treatise: siglum 'Pa1' in Petrus Peregrinus, Opera, eds. Loris Sturlese, Ron B. Thomson (Pisa, 1995), 63–89",14th ct.,https://gallica.bnf.fr/view3if/ga/ark:/12148/btv1b525016914,pen drawing in manuscript,No,part 1,,,2
128,"contains letters or text,schematic or abstract representation,no color,pen drawing in manuscript,needle compass,in text body,related to part 2",1351-1400,"Paris, Bibliothèque Nationale, lat. 7378A (pp./ff. 67rb-68vb), here p./f. 68v","manuscript of full treatise: siglum 'Pa1' in Petrus Peregrinus, Opera, eds. Loris Sturlese, Ron B. Thomson (Pisa, 1995), 63–89",14th ct.,https://gallica.bnf.fr/view3if/ga/ark:/12148/btv1b525016914,pen drawing in manuscript,No,part 2,,,2
129,"contains letters or text,schematic or abstract representation,no color,pen drawing in manuscript,perpetuum mobile,in text body,related to part 2",1351-1400,"Paris, Bibliothèque Nationale, lat. 7378A (pp./ff. 67rb-68vb), here p./f. 68v","manuscript of full treatise: siglum 'Pa1' in Petrus Peregrinus, Opera, eds. Loris Sturlese, Ron B. Thomson (Pisa, 1995), 63–89",14th ct.,https://gallica.bnf.fr/view3if/ga/ark:/12148/btv1b525016914,pen drawing in manuscript,No,part 2,,,2
145,"contains letters or text,schematic or abstract representation,no color,pen drawing in manuscript,perpetuum mobile,in text body,related to part 2",1401-1450,"New Haven (CT), Medical Historical Library, Harvey Cushing/John Hay Whitney Medical Library, Yale University, Cushing 25 misc. (pp./ff. 117v-120r), here p./f. 120r","manuscript of short version: siglum 'Y' in Petrus Peregrinus, Opera, eds. Loris Sturlese, Ron B. Thomson (Pisa, 1995), 63–89",Mid 15th ct.,https://archive.org/details/4047612.med.yale.edu/page/n517/mode/1up,pen drawing in manuscript,No,part 2,"manuscript close to Petrus Peregrinus. De Magnete, Seu Rota Perpetui Motus, Libellus. Edited by Achilles Pirmin Gasser. Augsburg: Philipp Ulhart d.Ä., 1558","Medical Historical Library, Harvey Cushing/John Hay Whitney Medical Library, Yale University",2
132,"contains letters or text,schematic or abstract representation,no color,pen drawing in manuscript,perpetuum mobile,in text body,related to part 2",1451-1500,"Erfurt, Universitätsbibliothek, CA 4° 351 (pp./ff. 79r-80v), here p./f. 80v","manuscript of short version: siglum 'E1' in Petrus Peregrinus, Opera, eds. Loris Sturlese, Ron B. Thomson (Pisa, 1995), 63–89",14th ct.,https://dhb.thulb.uni-jena.de/api/iiif/presentation/v2/ufb_derivate_00015633/manifest,pen drawing in manuscript,No,part 2,,,2
133,"contains letters or text,schematic or abstract representation,no color,pen drawing in manuscript,needle compass,in text body,related to part 2",1451-1500,"Erfurt, Universitätsbibliothek, CA 4° 351 (pp./ff. 79r-80v), here p./f. 80v","manuscript of short version: siglum 'E1' in Petrus Peregrinus, Opera, eds. Loris Sturlese, Ron B. Thomson (Pisa, 1995), 63–89",14th ct.,https://dhb.thulb.uni-jena.de/api/iiif/presentation/v2/ufb_derivate_00015633/manifest,pen drawing in manuscript,No,part 2,,,2
130,"contains letters or text,schematic or abstract representation,no color,pen drawing in manuscript,perpetuum mobile,in text body,related to part 2",1601-1650,"Rome, Bibliotheca Vallicelliana, Allacci lxxvii (pp./ff. 1r-114r), here p./f. 68r",manuscript of excerpt: unedited,1625,,pen drawing in manuscript,No,part 2,"Cardano's design of the perpetuum mobile
See Christoph Sander, “Magnetism for Librarians. Leone Allacci’s De Magnete (1625) and Its Relation to Giulio Cesare LaGalla’s Disputatio de Sympathia et Antipathia (1623),” Erudition and the Republic of Letters 5, no. 3 (2020): 274–307, https://doi.org/10.1163/24055069-00503002.",,2
131,"contains letters or text,schematic or abstract representation,no color,pen drawing in manuscript,perpetuum mobile,in text body,related to part 2",1601-1650,"Rome, Bibliotheca Vallicelliana, Allacci lxxvii (pp./ff. 1r-114r), here p./f. 68v",manuscript of excerpt: unedited,1625,,pen drawing in manuscript,No,part 2,"See Christoph Sander, “Magnetism for Librarians. Leone Allacci’s De Magnete (1625) and Its Relation to Giulio Cesare LaGalla’s Disputatio de Sympathia et Antipathia (1623),” Erudition and the Republic of Letters 5, no. 3 (2020): 274–307, https://doi.org/10.1163/24055069-00503002.",,2
134,"contains letters or text,belongs to a set,experiment,naturalistic features,schematic or abstract representation,no color,woodcut in print,divided magnet,in text body,related to part 1",1551-1600,"Ann Arbor, University of Michigan. William Clements Library, C 1579 Ta (pp./ff. [(*.*)6r]-A4r), here p./f. [(*.*)7r]","printed edition of translation into English: Taisnier, Jean. A Very Necessarie and Profitable Booke Concerning Nauigation, Compiled in Latin by Ioannes Taisnierus, a Publice Professor in Rome, Ferraria, & Other Uniuersities in Italie of the Mathematicalles, Named a Treatise of Continuall Motions. Translated into Englishe, by Richard Eden. The Contents of This Booke You Shall Finde on the next Page Folowyng. Translated by Richard Eden. London: Richard Iugge, 1575",1579,,woodcut in print,No,part 1,"translation of Petrus Peregrinus. De Magnete, Seu Rota Perpetui Motus, Libellus. Edited by Achilles Pirmin Gasser. Augsburg: Philipp Ulhart d.Ä., 1558",,2
135,"experiment,naturalistic features,no color,woodcut in print,water basin with magnet,in text body,related to part 1",1551-1600,"Ann Arbor, University of Michigan. William Clements Library, C 1579 Ta (pp./ff. [(*.*)6r]-A4r), here p./f. [(*.*)7v]","printed edition of translation into English: Taisnier, Jean. A Very Necessarie and Profitable Booke Concerning Nauigation, Compiled in Latin by Ioannes Taisnierus, a Publice Professor in Rome, Ferraria, & Other Uniuersities in Italie of the Mathematicalles, Named a Treatise of Continuall Motions. Translated into Englishe, by Richard Eden. The Contents of This Booke You Shall Finde on the next Page Folowyng. Translated by Richard Eden. London: Richard Iugge, 1575",1579,,woodcut in print,No,part 1,"translation of Petrus Peregrinus. De Magnete, Seu Rota Perpetui Motus, Libellus. Edited by Achilles Pirmin Gasser. Augsburg: Philipp Ulhart d.Ä., 1558",,2
136,"contains letters or text,belongs to a set,experiment,naturalistic features,schematic or abstract representation,no color,woodcut in print,divided magnet,in text body,related to part 1",1551-1600,"Ann Arbor, University of Michigan. William Clements Library, C 1579 Ta (pp./ff. [(*.*)6r]-A4r), here p./f. [(*.*)8r]","printed edition of translation into English: Taisnier, Jean. A Very Necessarie and Profitable Booke Concerning Nauigation, Compiled in Latin by Ioannes Taisnierus, a Publice Professor in Rome, Ferraria, & Other Uniuersities in Italie of the Mathematicalles, Named a Treatise of Continuall Motions. Translated into Englishe, by Richard Eden. The Contents of This Booke You Shall Finde on the next Page Folowyng. Translated by Richard Eden. London: Richard Iugge, 1575",1579,,woodcut in print,No,part 1,"translation of Petrus Peregrinus. De Magnete, Seu Rota Perpetui Motus, Libellus. Edited by Achilles Pirmin Gasser. Augsburg: Philipp Ulhart d.Ä., 1558",,2
137,"contains letters or text,belongs to a set,experiment,naturalistic features,schematic or abstract representation,no color,woodcut in print,divided magnet,in text body,related to part 1",1551-1600,"Ann Arbor, University of Michigan. William Clements Library, C 1579 Ta (pp./ff. [(*.*)6r]-A4r), here p./f. [(*.*)8v]","printed edition of translation into English: Taisnier, Jean. A Very Necessarie and Profitable Booke Concerning Nauigation, Compiled in Latin by Ioannes Taisnierus, a Publice Professor in Rome, Ferraria, & Other Uniuersities in Italie of the Mathematicalles, Named a Treatise of Continuall Motions. Translated into Englishe, by Richard Eden. The Contents of This Booke You Shall Finde on the next Page Folowyng. Translated by Richard Eden. London: Richard Iugge, 1575",1579,,woodcut in print,No,part 1,"translation of Petrus Peregrinus. De Magnete, Seu Rota Perpetui Motus, Libellus. Edited by Achilles Pirmin Gasser. Augsburg: Philipp Ulhart d.Ä., 1558",,2
138,"contains letters or text,belongs to a set,experiment,naturalistic features,schematic or abstract representation,no color,woodcut in print,divided magnet,in text body,related to part 1",1551-1600,"Ann Arbor, University of Michigan. William Clements Library, C 1579 Ta (pp./ff. [(*.*)6r]-A4r), here p./f. [(*.*)8v]","printed edition of translation into English: Taisnier, Jean. A Very Necessarie and Profitable Booke Concerning Nauigation, Compiled in Latin by Ioannes Taisnierus, a Publice Professor in Rome, Ferraria, & Other Uniuersities in Italie of the Mathematicalles, Named a Treatise of Continuall Motions. Translated into Englishe, by Richard Eden. The Contents of This Booke You Shall Finde on the next Page Folowyng. Translated by Richard Eden. London: Richard Iugge, 1575",1579,,woodcut in print,No,part 1,"translation of Petrus Peregrinus. De Magnete, Seu Rota Perpetui Motus, Libellus. Edited by Achilles Pirmin Gasser. Augsburg: Philipp Ulhart d.Ä., 1558",,2
139,"contains letters or text,belongs to a set,experiment,naturalistic features,schematic or abstract representation,no color,woodcut in print,divided magnet,in text body,related to part 1",1551-1600,"Ann Arbor, University of Michigan. William Clements Library, C 1579 Ta (pp./ff. [(*.*)6r]-A4r), here p./f. [(*.*)8v]","printed edition of translation into English: Taisnier, Jean. A Very Necessarie and Profitable Booke Concerning Nauigation, Compiled in Latin by Ioannes Taisnierus, a Publice Professor in Rome, Ferraria, & Other Uniuersities in Italie of the Mathematicalles, Named a Treatise of Continuall Motions. Translated into Englishe, by Richard Eden. The Contents of This Booke You Shall Finde on the next Page Folowyng. Translated by Richard Eden. London: Richard Iugge, 1575",1579,,woodcut in print,No,part 1,"translation of Petrus Peregrinus. De Magnete, Seu Rota Perpetui Motus, Libellus. Edited by Achilles Pirmin Gasser. Augsburg: Philipp Ulhart d.Ä., 1558",,2
140,"experiment,naturalistic features,no color,woodcut in print,magnetic clock,in text body,related to part 1",1551-1600,"Ann Arbor, University of Michigan. William Clements Library, C 1579 Ta (pp./ff. [(*.*)6r]-A4r), here p./f. A1r","printed edition of translation into English: Taisnier, Jean. A Very Necessarie and Profitable Booke Concerning Nauigation, Compiled in Latin by Ioannes Taisnierus, a Publice Professor in Rome, Ferraria, & Other Uniuersities in Italie of the Mathematicalles, Named a Treatise of Continuall Motions. Translated into Englishe, by Richard Eden. The Contents of This Booke You Shall Finde on the next Page Folowyng. Translated by Richard Eden. London: Richard Iugge, 1575",1579,,woodcut in print,No,part 1,"translation of Petrus Peregrinus. De Magnete, Seu Rota Perpetui Motus, Libellus. Edited by Achilles Pirmin Gasser. Augsburg: Philipp Ulhart d.Ä., 1558",,2
141,"contains letters or text,naturalistic features,no color,woodcut in print,needle compass,in text body,related to part 2",1551-1600,"Ann Arbor, University of Michigan. William Clements Library, C 1579 Ta (pp./ff. [(*.*)6r]-A4r), here p./f. A2r","printed edition of translation into English: Taisnier, Jean. A Very Necessarie and Profitable Booke Concerning Nauigation, Compiled in Latin by Ioannes Taisnierus, a Publice Professor in Rome, Ferraria, & Other Uniuersities in Italie of the Mathematicalles, Named a Treatise of Continuall Motions. Translated into Englishe, by Richard Eden. The Contents of This Booke You Shall Finde on the next Page Folowyng. Translated by Richard Eden. London: Richard Iugge, 1575",1579,,woodcut in print,No,part 2,"translation of Petrus Peregrinus. De Magnete, Seu Rota Perpetui Motus, Libellus. Edited by Achilles Pirmin Gasser. Augsburg: Philipp Ulhart d.Ä., 1558",,2
142,"contains letters or text,experiment,naturalistic features,no color,woodcut in print,perpetuum mobile (part),in text body,related to part 2",1551-1600,"Ann Arbor, University of Michigan. William Clements Library, C 1579 Ta (pp./ff. [(*.*)6r]-A4r), here p./f. A2v","printed edition of translation into English: Taisnier, Jean. A Very Necessarie and Profitable Booke Concerning Nauigation, Compiled in Latin by Ioannes Taisnierus, a Publice Professor in Rome, Ferraria, & Other Uniuersities in Italie of the Mathematicalles, Named a Treatise of Continuall Motions. Translated into Englishe, by Richard Eden. The Contents of This Booke You Shall Finde on the next Page Folowyng. Translated by Richard Eden. London: Richard Iugge, 1575",1579,,woodcut in print,No,part 2,"preparation of the magnet for the perpetuum mobile
translation of Petrus Peregrinus. De Magnete, Seu Rota Perpetui Motus, Libellus. Edited by Achilles Pirmin Gasser. Augsburg: Philipp Ulhart d.Ä., 1558",,2
143,"naturalistic features,no color,woodcut in print,perpetuum mobile (part),in text body,related to part 2",1551-1600,"Ann Arbor, University of Michigan. William Clements Library, C 1579 Ta (pp./ff. [(*.*)6r]-A4r), here p./f. A3r","printed edition of translation into English: Taisnier, Jean. A Very Necessarie and Profitable Booke Concerning Nauigation, Compiled in Latin by Ioannes Taisnierus, a Publice Professor in Rome, Ferraria, & Other Uniuersities in Italie of the Mathematicalles, Named a Treatise of Continuall Motions. Translated into Englishe, by Richard Eden. The Contents of This Booke You Shall Finde on the next Page Folowyng. Translated by Richard Eden. London: Richard Iugge, 1575",1579,,woodcut in print,No,part 2,"part of the outer construction of the perpetuum mobile
translation of Petrus Peregrinus. De Magnete, Seu Rota Perpetui Motus, Libellus. Edited by Achilles Pirmin Gasser. Augsburg: Philipp Ulhart d.Ä., 1558",,2
144,"contains letters or text,naturalistic features,no color,woodcut in print,perpetuum mobile,in text body,related to part 2",1551-1600,"Ann Arbor, University of Michigan. William Clements Library, C 1579 Ta (pp./ff. [(*.*)6r]-A4r), here p./f. A3v","printed edition of translation into English: Taisnier, Jean. A Very Necessarie and Profitable Booke Concerning Nauigation, Compiled in Latin by Ioannes Taisnierus, a Publice Professor in Rome, Ferraria, & Other Uniuersities in Italie of the Mathematicalles, Named a Treatise of Continuall Motions. Translated into Englishe, by Richard Eden. The Contents of This Booke You Shall Finde on the next Page Folowyng. Translated by Richard Eden. London: Richard Iugge, 1575",1579,,woodcut in print,No,part 2,"translation of Petrus Peregrinus. De Magnete, Seu Rota Perpetui Motus, Libellus. Edited by Achilles Pirmin Gasser. Augsburg: Philipp Ulhart d.Ä., 1558",,2
146,"contains letters or text,schematic or abstract representation,color,pen drawing in manuscript,magnetic compass,in text body,related to part 2",1300-1350,"London, British Library, Add. 32622 (pp./ff. 71r-77r), here p./f. 75r","manuscript of short version: siglum 'Eg' in Petrus Peregrinus, Opera, eds. Loris Sturlese, Ron B. Thomson (Pisa, 1995), 53–56",14th ct.,,pen drawing in manuscript,Yes,part 2,treatise integrated into the 'Secretum philosophorum',,2
147,"contains letters or text,schematic or abstract representation,color,pen drawing in manuscript,needle compass,in text body,related to part 2",1300-1350,"London, British Library, Add. 32622 (pp./ff. 71r-77r), here p./f. 75v","manuscript of short version: siglum 'Eg' in Petrus Peregrinus, Opera, eds. Loris Sturlese, Ron B. Thomson (Pisa, 1995), 53–56",14th ct.,,pen drawing in manuscript,Yes,part 2,treatise integrated into the 'Secretum philosophorum',,2
148,"contains letters or text,schematic or abstract representation,color,pen drawing in manuscript,perpetuum mobile,in text body,related to part 2",1300-1350,"London, British Library, Add. 32622 (pp./ff. 71r-77r), here p./f. 76v","manuscript of short version: siglum 'Eg' in Petrus Peregrinus, Opera, eds. Loris Sturlese, Ron B. Thomson (Pisa, 1995), 53–56",14th ct.,,pen drawing in manuscript,Yes,part 2,treatise integrated into the 'Secretum philosophorum',,2
149,"schematic or abstract representation,no color,pen drawing in manuscript,magnetic compass,in text body,related to part 2",1351-1400,"Oxford, Bodleian Library, Digby 153 (S.C. 1754) (pp./ff. 166v-167v), here p./f. 167v","manuscript of short version: witness not considered in Petrus Peregrinus, Opera, eds. Loris Sturlese, Ron B. Thomson (Pisa, 1995)",2nd half 14th ct.,,pen drawing in manuscript,No,part 2,"only the outer circle is drawn
treatise integrated into the 'Secretum philosophorum'",,2
150,"schematic or abstract representation,no color,pen drawing in manuscript,needle compass,in text body,related to part 2",1351-1400,"Oxford, Bodleian Library, Digby 153 (S.C. 1754) (pp./ff. 166v-167v), here p./f. 167v","manuscript of short version: witness not considered in Petrus Peregrinus, Opera, eds. Loris Sturlese, Ron B. Thomson (Pisa, 1995)",2nd half 14th ct.,,pen drawing in manuscript,No,part 2,"only the outer circle is drawn
treatise integrated into the 'Secretum philosophorum'",,2
151,"schematic or abstract representation,no color,pen drawing in manuscript,perpetuum mobile,in text body,related to part 2",1351-1400,"Oxford, Bodleian Library, Digby 153 (S.C. 1754) (pp./ff. 166v-167v), here p./f. 167v","manuscript of short version: witness not considered in Petrus Peregrinus, Opera, eds. Loris Sturlese, Ron B. Thomson (Pisa, 1995)",2nd half 14th ct.,,pen drawing in manuscript,No,part 2,"only the outer circle is drawn
treatise integrated into the 'Secretum philosophorum'",,2
152,"contains letters or text,schematic or abstract representation,color,pen drawing in manuscript,magnetic compass,in text body,related to part 2",1451-1500,"Cambridge, Trinity College, Ms. O.1.58 (1082) (pp./ff. 97vr-105r), here p./f. 102v","manuscript of short version: witness not considered in Petrus Peregrinus, Opera, eds. Loris Sturlese, Ron B. Thomson (Pisa, 1995)",15th ct.,https://mss-cat.trin.cam.ac.uk/Manuscript/O.1.58,pen drawing in manuscript,Yes,part 2,treatise integrated into the 'Secretum philosophorum',,2
153,"contains letters or text,schematic or abstract representation,color,pen drawing in manuscript,needle compass,in text body,related to part 2",1451-1500,"Cambridge, Trinity College, Ms. O.1.58 (1082) (pp./ff. 97vr-105r), here p./f. 104r","manuscript of short version: witness not considered in Petrus Peregrinus, Opera, eds. Loris Sturlese, Ron B. Thomson (Pisa, 1995)",15th ct.,https://mss-cat.trin.cam.ac.uk/Manuscript/O.1.58,pen drawing in manuscript,Yes,part 2,treatise integrated into the 'Secretum philosophorum',,2
154,"schematic or abstract representation,color,pen drawing in manuscript,perpetuum mobile,in text body,related to part 2",1451-1500,"Cambridge, Trinity College, Ms. O.1.58 (1082) (pp./ff. 97vr-105r), here p./f. 105r","manuscript of short version: witness not considered in Petrus Peregrinus, Opera, eds. Loris Sturlese, Ron B. Thomson (Pisa, 1995)",15th ct.,https://mss-cat.trin.cam.ac.uk/Manuscript/O.1.58,pen drawing in manuscript,Yes,part 2,treatise integrated into the 'Secretum philosophorum',,2
155,"contains letters or text,experiment,schematic or abstract representation,no color,pen drawing in manuscript,magnetic clock,in margin,related to part 1",1300-1350,"Erfurt, Universitätsbibliothek, Q 330 (pp./ff. 21v-23r), here p./f. 22r","manuscript of short version: witness not considered in Petrus Peregrinus, Opera, eds. Loris Sturlese, Ron B. Thomson (Pisa, 1995)",1st half 14th ct.,,pen drawing in manuscript,No,part 1,treatise integrated into the 'Secretum philosophorum',,2
156,"contains letters or text,schematic or abstract representation,no color,pen drawing in manuscript,needle compass,in margin,related to part 2",1300-1350,"Erfurt, Universitätsbibliothek, Q 330 (pp./ff. 21v-23r), here p./f. 22v","manuscript of short version: witness not considered in Petrus Peregrinus, Opera, eds. Loris Sturlese, Ron B. Thomson (Pisa, 1995)",1st half 14th ct.,,pen drawing in manuscript,No,part 2,treatise integrated into the 'Secretum philosophorum',,2
157,"schematic or abstract representation,no color,pen drawing in manuscript,perpetuum mobile,bottom of the page,related to part 2",1300-1350,"Erfurt, Universitätsbibliothek, Q 330 (pp./ff. 21v-23r), here p./f. 23r","manuscript of short version: witness not considered in Petrus Peregrinus, Opera, eds. Loris Sturlese, Ron B. Thomson (Pisa, 1995)",1st half 14th ct.,,pen drawing in manuscript,No,part 2,treatise integrated into the 'Secretum philosophorum',,2
158,"contains letters or text,schematic or abstract representation,color,pen drawing in manuscript,needle compass,in text body,related to part 2",1300-1350,"Erfurt, Universitätsbibliothek, Q 361 (pp./ff. 37r-38r), here p./f. 37v","manuscript of short version: witness not considered in Petrus Peregrinus, Opera, eds. Loris Sturlese, Ron B. Thomson (Pisa, 1995)",Mid 14th ct.,,pen drawing in manuscript,Yes,part 2,treatise integrated into the 'Secretum philosophorum',,2
159,"schematic or abstract representation,color,pen drawing in manuscript,perpetuum mobile,in text body,related to part 2",1300-1350,"Erfurt, Universitätsbibliothek, Q 361 (pp./ff. 37r-38r), here p./f. 38r","manuscript of short version: witness not considered in Petrus Peregrinus, Opera, eds. Loris Sturlese, Ron B. Thomson (Pisa, 1995)",Mid 14th ct.,,pen drawing in manuscript,Yes,part 2,"drawing incomplete
treatise integrated into the 'Secretum philosophorum'",,2
160,"contains letters or text,schematic or abstract representation,color,pen drawing in manuscript,needle compass,in text body,related to part 2",1451-1500,"Oxford, Bodleian Library, Rawlinson D.1066 (pp./ff. 1-26v), here p./f. 22r","manuscript of short version: witness not considered in Petrus Peregrinus, Opera, eds. Loris Sturlese, Ron B. Thomson (Pisa, 1995)",15th ct.,,pen drawing in manuscript,Yes,part 2,treatise integrated into the 'Secretum philosophorum',,2
161,"schematic or abstract representation,color,pen drawing in manuscript,perpetuum mobile,in text body,related to part 2",1451-1500,"Oxford, Bodleian Library, Rawlinson D.1066 (pp./ff. 1-26v), here p./f. 22r","manuscript of short version: witness not considered in Petrus Peregrinus, Opera, eds. Loris Sturlese, Ron B. Thomson (Pisa, 1995)",15th ct.,,pen drawing in manuscript,Yes,part 2,treatise integrated into the 'Secretum philosophorum',,2
162,"contains letters or text,schematic or abstract representation,no color,pen drawing in manuscript,perpetuum mobile,in margin,related to part 2",1551-1600,"Munich, Universitätsbibliothek der LMU München, 2° Cod.ms. 692 (pp./ff. 274-287 (=121r-127v)), here p./f. 285","manuscript of excerpt: Johannes Kepler, Gesammelte Werke, eds. Walther von Dyck, Max Caspar, 22 vols. (München, 1938–2002), vol. 13, p. 188-197",26 March 1598,,pen drawing in manuscript,No,part 2,"relates to Taisnier's description of the perpetuum mobile
letter by Johannes Kepler to Hans Georg Herwart von Hohenburg, Graz, 26 March 1598, autograph",,2